Activity Type,Date,Favorite,Title,Distance,Calories,Time,Avg HR,Max HR,Aerobic TE,Avg Run Cadence,Max Run Cadence,Avg Pace,Best Pace,Total Ascent,Total Descent,Avg Stride Length,Avg Vertical Ratio,Avg Vertical Oscillation,Avg Ground Contact Time,Avg GAP,Normalized Power® (NP®),Training Stress Score®,Avg Power,Max Power,Steps,Body Battery Drain,Decompression,Best Lap Time,Number of Laps,Avg Stress,Max Stress,Moving Time,Elapsed Time,Min Elevation,Max Elevation
Running,2026-01-28 10:45:12,FALSE,Fullerton Running,4.51,509,00:33:30,144,184,3.0,164,179,7:26,5:13,49,46,1.31,7.7,9.9,260,7:28,439,0.0,418,592,"5,466",-12,No,00:02:19.6,11,--,--,00:33:26,00:35:14,205,230
Running,2026-01-27 10:52:28,FALSE,Fullerton Running,5.01,607,00:45:26,135,169,2.6,156,165,9:04,7:13,79,52,1.12,8.6,9.7,287,9:07,341,0.0,340,420,"7,110",-13,No,00:00:03.5,6,--,--,00:45:15,00:48:44,176,245
Running,2026-01-25 08:30:52,FALSE,Orange County Running,12.02,"1,529",01:56:21,140,175,3.3,154,173,9:41,7:33,"1,030","1,043",1.06,8.9,9.4,295,9:22,348,0.0,337,514,"18,134",-25,No,00:00:09.1,13,--,--,01:56:17,01:58:36,108,673
Running,2026-01-24 09:45:13,FALSE,Fullerton Running,3.01,344,00:26:45,126,158,2.1,159,214,8:54,7:50,30,49,1.14,8.5,9.6,282,8:57,348,0.0,348,409,"4,252",-7,No,00:00:03.0,4,--,--,00:26:40,00:28:31,201,247
Running,2026-01-23 08:22:30,FALSE,Fullerton Running,7.51,902,00:57:23,153,188,3.6,163,172,7:39,6:22,72,95,1.29,7.8,10.0,263,7:40,415,0.0,406,504,"9,326",-13,No,00:00:01.4,9,--,--,00:57:18,01:09:08,193,249
Running,2026-01-22 09:37:35,FALSE,Fullerton Running,4.01,473,00:35:22,126,143,2.3,159,165,8:50,8:11,33,49,1.14,8.5,9.7,282,8:52,351,0.0,350,393,"5,640",-10,No,00:00:03.2,5,--,--,00:35:17,00:35:41,194,228
Running,2026-01-21 10:30:02,FALSE,Fullerton Running,7.01,890,00:56:48,162,199,3.9,156,210,8:06,5:36,95,85,1.31,7.5,9.2,253,8:07,423,0.0,376,603,"8,894",-20,No,00:00:01.5,15,--,--,00:56:39,01:02:04,201,236
Running,2026-01-20 18:10:11,FALSE,Fullerton Running,3.00,391,00:30:32,141,151,2.1,154,167,10:10,7:55,26,36,1.01,9.1,9.2,298,10:13,304,0.0,303,427,"4,714",-5,No,00:00:02.1,4,--,--,00:30:26,00:32:12,201,229
Treadmill Running,2026-01-20 17:46:07,FALSE,Treadmill Running,2.03,231,00:20:37,128,136,1.3,154,161,10:10,9:08,--,--,1.05,8.9,9.2,293,--,309,0.0,299,339,"3,170",-3,No,00:00:15.8,3,--,--,00:20:24,00:20:37,--,--
Running,2026-01-17 09:14:53,FALSE,Orange County Running,15.01,"1,837",02:08:20,145,195,4.0,161,180,8:33,6:01,909,886,1.16,8.3,9.5,276,8:26,395,0.0,374,574,"20,688",-28,No,00:00:02.8,16,--,--,02:08:12,02:24:57,121,658
Running,2026-01-16 12:21:02,FALSE,Fullerton Running,10.75,"1,314",01:32:40,157,171,3.4,156,191,8:37,5:34,210,171,1.10,8.7,9.6,288,9:16,338,0.0,337,584,"14,542",-24,No,00:00:02.8,11,--,--,01:32:14,01:45:48,226,399
Running,2026-01-14 18:47:01,FALSE,Fullerton Running,8.01,991,01:02:00,159,184,4.0,162,174,7:44,5:54,82,105,1.28,7.9,10.0,265,7:46,413,0.0,400,526,"10,038",-10,No,00:00:01.5,11,--,--,01:01:49,01:03:20,196,255
Running,2026-01-13 20:42:28,FALSE,Fullerton Running,7.00,848,01:09:13,131,144,2.4,155,163,9:53,8:20,89,72,1.04,9.0,9.3,294,9:55,315,0.0,314,395,"10,830",-5,No,00:00:02.5,8,--,--,01:09:02,01:10:18,225,272
Running,2026-01-12 13:32:42,FALSE,Fullerton Running,5.01,656,00:45:41,152,165,2.7,158,166,9:07,8:13,69,52,1.11,8.6,9.6,287,9:07,344,0.0,344,411,"7,220",-12,No,00:00:04.4,6,--,--,00:45:39,00:45:41,226,275
Running,2026-01-11 06:46:13,FALSE,Fullerton Running,21.01,"2,445",02:36:50,141,165,4.9,166,179,7:28,6:13,253,262,1.29,7.7,9.8,257,7:29,424,0.0,416,523,"26,042",-20,No,00:00:02.8,22,--,--,02:36:40,02:43:44,201,246
Running,2026-01-10 11:40:06,FALSE,Fullerton Running,6.01,732,00:55:27,136,157,2.5,156,166,9:14,7:50,131,98,1.11,8.7,9.6,288,9:14,341,0.0,339,451,"8,734",-12,No,00:00:03.1,7,--,--,00:55:14,00:56:33,226,320
Treadmill Running,2026-01-09 19:00:32,FALSE,Treadmill Running,5.50,666,01:03:09,132,143,2.3,146,248,11:29,9:49,--,--,1.00,9.0,8.8,297,--,290,0.0,268,330,"9,238",-8,No,00:09:45.6,6,--,--,01:01:17,01:03:09,--,--
Running,2026-01-09 11:20:00,FALSE,Fullerton Running,10.03,"1,090",01:15:00,138,184,3.3,164,176,7:29,6:12,128,112,1.30,7.7,9.9,259,7:29,428,0.0,417,513,"12,332",-18,No,00:00:02.7,15,--,--,01:14:49,01:15:33,224,268
Running,2026-01-07 16:44:22,FALSE,Fullerton Running,10.01,"1,252",01:33:20,144,154,3.1,158,242,9:20,7:05,167,210,1.09,8.7,9.5,288,9:22,342,0.0,340,535,"14,744",-16,No,00:00:03.9,11,--,--,01:33:08,01:34:56,181,285
Running,2026-01-06 13:11:47,FALSE,Huntington Beach Running,10.58,"1,287",01:21:31,160,190,4.1,164,177,7:42,6:05,95,95,1.26,7.8,9.7,262,7:44,421,0.0,402,592,"13,390",-19,No,00:00:02.5,17,--,--,01:21:16,01:26:24,-8,30
Running,2026-01-05 17:12:53,FALSE,Fullerton Running,7.00,899,01:06:02,148,161,2.8,158,163,9:26,8:07,69,95,1.08,8.8,9.5,289,9:28,330,0.0,330,413,"10,436",-13,No,00:00:03.7,8,--,--,01:05:56,01:06:52,198,251
Running,2026-01-04 07:47:09,FALSE,Orange County Running,20.01,"2,371",02:28:50,155,183,4.9,166,177,7:26,6:00,486,541,1.30,7.6,9.8,256,7:27,425,0.0,418,589,"24,754",-28,No,00:00:02.4,21,--,--,02:28:43,02:36:22,-16,224
Treadmill Running,2026-01-03 19:55:43,FALSE,Treadmill Running,2.00,273,00:20:41,137,145,2.0,155,163,10:21,9:29,--,--,1.02,8.9,9.0,293,--,302,0.0,294,329,"3,192",-3,No,00:00:09.7,3,--,--,00:20:35,00:20:41,--,--
Treadmill Running,2026-01-03 18:53:37,FALSE,Treadmill Running,2.00,261,00:21:08,132,143,2.0,152,161,10:34,9:08,--,--,0.99,9.0,8.8,295,--,291,0.0,277,349,"3,212",-3,No,00:09:40.6,2,--,--,00:20:57,00:21:08,--,--
Running,2026-01-03 12:33:04,FALSE,Fullerton Running,5.01,645,00:42:46,150,164,3.0,160,178,8:32,5:34,72,46,1.17,8.3,9.8,278,8:34,365,0.0,365,578,"6,844",-10,No,00:00:04.8,6,--,--,00:42:40,00:43:29,226,280
Running,2026-01-02 10:27:14,FALSE,Fullerton Running,10.01,"1,278",01:28:14,145,169,3.4,160,172,8:49,6:05,502,489,1.13,8.4,9.5,279,8:45,365,0.0,359,577,"14,166",-24,No,00:00:03.4,11,--,--,01:28:02,01:32:38,221,423
Treadmill Running,2025-12-31 13:20:12,FALSE,Treadmill Running,6.00,562,01:02:49,120,157,2.1,151,165,10:28,9:31,--,--,0.88,9.6,8.3,302,--,260,0.0,247,340,"9,498",-7,No,00:02:55.6,6,--,--,01:01:26,01:05:27,--,--
Running,2025-12-30 06:47:19,FALSE,Walnut Creek Running,12.01,"1,408",01:28:27,153,181,4.3,166,181,7:22,5:16,--,26,1.30,7.6,9.7,254,7:24,440,0.0,416,593,"14,680",-19,No,00:00:07.5,20,--,--,01:28:05,01:33:51,165,210
Running,2025-12-29 10:09:44,FALSE,Walnut Creek Running,7.01,909,01:03:47,149,172,3.0,160,169,9:06,6:29,128,128,1.11,8.6,9.5,284,9:07,346,0.0,344,505,"10,176",-17,No,00:00:03.0,8,--,--,01:03:42,01:04:25,87,196
Running,2025-12-28 06:35:13,FALSE,Walnut Creek Running,19.01,"2,304",02:30:02,153,183,4.5,165,184,7:53,5:44,282,312,1.23,7.9,9.7,264,7:54,407,0.0,393,620,"24,710",-27,No,00:00:04.9,20,--,--,02:29:52,02:39:33,59,177
Running,2025-12-27 11:45:48,FALSE,Walnut Creek Running,5.01,562,00:44:02,124,137,2.3,161,170,8:47,7:22,105,118,1.14,8.4,9.6,278,8:46,360,0.0,356,566,"7,084",-9,No,00:00:04.1,6,--,--,00:44:00,00:44:04,83,195
Running,2025-12-26 18:43:06,FALSE,Walnut Creek Running,11.00,"1,437",01:39:38,146,171,3.4,161,200,9:03,6:49,128,180,1.11,8.6,9.5,282,9:04,346,0.0,345,506,"15,984",-17,No,00:00:02.9,12,--,--,01:39:29,01:43:33,62,177
Running,2025-12-25 07:09:23,FALSE,Walnut Creek Running,7.00,915,01:03:23,148,171,3.1,161,167,9:03,6:54,105,151,1.10,8.5,9.4,281,9:04,345,0.0,342,475,"10,190",-15,No,00:00:03.0,8,--,--,01:03:13,01:04:35,59,186
Running,2025-12-24 09:22:44,FALSE,Running,9.00,"1,186",01:23:00,--,--,--,--,--,9:13,--,--,--,--,--,--,--,--,--,0.0,--,--,--,--,No,01:23:00,1,0,0,--:--:--,01:23:00,--,--
Treadmill Running,2025-12-23 18:36:27,FALSE,Treadmill Running,2.05,278,00:27:16,122,130,1.1,153,161,13:18,9:45,--,--,0.88,9.8,8.5,309,--,260,0.0,255,332,"4,160",-2,No,00:03:07.4,3,--,--,00:27:04,00:27:16,--,--
Track Running,2025-12-23 07:50:31,FALSE,Walnut Creek Track Running,"17,630","1,284",01:25:50,150,173,3.7,166,192,7:50,5:14,--,--,1.25,7.8,9.6,260,--,425,0.0,403,578,"14,234",-20,No,00:00:01.3,16,--,--,01:25:34,01:35:48,206,206
Treadmill Running,2025-12-20 15:05:19,FALSE,Treadmill Running,3.00,386,00:36:29,128,139,1.8,153,165,12:10,10:27,--,--,0.86,9.8,8.4,307,--,254,0.0,247,305,"5,524",-5,No,00:11:09,3,--,--,00:35:59,00:38:09,--,--
Treadmill Running,2025-12-20 14:11:37,FALSE,Treadmill Running,1.00,132,00:13:31,118,128,0.6,150,158,13:32,6:52,--,--,1.38,7.8,10.7,276,--,412,0.0,395,479,"2,022",-2,No,00:05:28.5,2,--,--,00:13:19,00:13:31,--,--
Running,2025-12-19 07:18:07,FALSE,Orange County Running,18.01,"2,076",02:21:39,143,176,4.0,166,177,7:52,6:05,545,574,1.23,7.8,9.6,261,7:52,408,0.0,396,596,"23,548",-29,No,00:00:03.0,19,--,--,02:21:22,02:35:29,-31,226
Running,2025-12-18 20:26:23,FALSE,Fullerton Running,8.01,966,01:14:28,133,145,2.8,159,167,9:18,7:12,92,108,1.09,8.7,9.5,287,9:20,334,0.0,334,471,"11,826",-12,No,00:00:02.9,9,--,--,01:14:25,01:15:05,203,252
Running,2025-12-17 19:35:20,FALSE,Fullerton Running,8.01,"1,007",01:12:27,148,164,3.0,159,165,9:03,5:55,92,92,1.12,8.6,9.6,284,9:04,345,0.0,344,564,"11,542",-12,No,00:00:06.2,9,--,--,01:12:22,01:13:28,217,247
Running,2025-12-16 11:49:34,FALSE,Fullerton Running,10.02,"1,188",01:13:37,157,177,4.2,166,179,7:21,5:53,148,115,1.31,7.6,9.8,254,7:22,434,0.0,421,574,"12,226",-19,No,00:00:01.6,16,--,--,01:13:24,01:16:26,159,245
Running,2025-12-15 09:57:17,FALSE,Fullerton Running,7.01,864,00:59:39,145,158,3.1,161,169,8:31,6:49,95,89,1.17,8.3,9.7,275,8:33,365,0.0,364,487,"9,598",-14,No,00:00:04.2,8,--,--,00:59:32,01:02:15,148,228
Running,2025-12-14 09:43:37,FALSE,Fullerton Running,8.01,"1,010",01:10:23,149,157,3.1,160,169,8:47,7:40,128,144,1.13,8.4,9.5,277,8:51,353,0.0,352,426,"11,322",-21,No,00:00:02.7,9,--,--,01:10:06,01:12:59,199,343
Running,2025-12-13 08:12:34,FALSE,Orange County Running,16.01,"2,069",02:29:45,149,174,3.9,159,194,9:21,7:18,"1,250","1,263",1.08,8.7,9.4,287,9:08,355,0.0,345,526,"23,844",-28,No,00:00:03.3,17,--,--,02:29:37,02:31:57,92,686
Treadmill Running,2025-12-11 19:39:04,FALSE,Treadmill Running,3.60,517,00:36:06,150,194,3.3,112,176,10:02,9:02,--,--,0.97,8.5,7.7,272,--,263,0.0,181,329,"4,108",-5,No,00:01:15.6,10,--,--,00:24:40,00:43:33,--,--
Running,2025-12-11 09:00:46,FALSE,Fullerton Running,5.01,637,00:40:51,156,181,3.2,162,174,8:09,6:24,39,52,1.21,8.1,9.7,269,8:12,379,0.0,377,512,"6,650",-12,No,00:00:02.9,6,--,--,00:40:44,00:42:39,192,228
Running,2025-12-10 09:49:52,FALSE,Fullerton Running,5.01,666,00:45:52,156,174,3.0,159,179,9:10,5:15,33,30,1.10,8.6,9.5,286,9:11,341,0.0,339,592,"7,282",-13,No,00:00:03.2,6,--,--,00:45:47,00:45:52,214,235
Treadmill Running,2025-12-09 17:50:31,FALSE,Treadmill Running,4.00,544,00:46:05,133,146,2.2,151,167,11:31,7:44,--,--,1.00,9.1,9.1,299,--,292,0.0,284,417,"6,922",-7,No,00:02:54.3,5,--,--,00:44:59,00:46:05,--,--
Running,2025-12-09 10:01:16,FALSE,Fullerton Running,6.01,779,00:55:01,148,165,2.9,159,167,9:09,6:49,69,52,1.11,8.6,9.6,285,9:11,341,0.0,340,511,"8,738",-15,No,00:00:04.2,7,--,--,00:54:53,00:55:25,186,242
Running,2025-12-07 16:04:18,FALSE,Fullerton Running,5.01,628,00:45:25,142,152,2.6,160,165,9:04,7:34,52,66,1.10,8.6,9.4,281,9:07,342,0.0,340,440,"7,310",-13,No,00:00:03.0,6,--,--,00:45:18,00:45:55,207,255
Running,2025-12-06 07:04:16,FALSE,Fullerton Running,17.01,"2,129",02:12:41,162,182,4.8,164,174,7:48,6:36,95,135,1.25,7.9,9.8,264,7:50,402,0.0,396,498,"21,782",-30,No,00:00:06.2,18,--,--,02:12:29,02:21:06,196,250
Running,2025-12-05 07:43:52,FALSE,Fullerton Running,5.00,622,00:45:18,138,148,2.5,159,170,9:03,7:30,125,167,1.12,8.6,9.6,285,9:02,349,0.0,346,508,"7,188",-10,No,00:00:02.8,6,--,--,00:45:16,00:45:18,142,238
Treadmill Running,2025-12-04 09:33:17,FALSE,Treadmill Running,6.00,816,01:01:50,143,154,2.8,153,167,10:18,7:33,--,--,1.20,8.3,9.9,281,--,357,0.0,347,433,"9,506",-15,No,00:00:22.5,8,--,--,01:00:20,01:01:50,--,--
Running,2025-12-03 19:51:55,FALSE,Fullerton Running,4.00,402,00:26:16,141,155,2.7,171,186,6:33,5:22,33,52,1.42,7.0,9.9,236,6:36,475,0.0,470,578,"4,496",-5,No,00:00:02.0,5,--,--,00:26:15,00:26:32,205,245
Running,2025-12-03 09:17:13,FALSE,Fullerton Running,8.11,"1,002",01:03:16,156,185,3.9,164,192,7:48,6:18,223,210,1.24,7.8,9.6,260,7:50,409,0.0,397,572,"10,470",-19,No,00:00:01.7,11,--,--,01:02:54,01:10:15,231,340
Running,2025-12-02 09:31:31,FALSE,Fullerton Running,7.01,876,00:58:30,151,161,3.1,163,177,8:21,6:38,243,240,1.17,8.1,9.5,269,8:22,377,0.0,374,498,"9,566",-15,No,00:00:02.7,8,--,--,00:58:22,01:01:26,234,301
Running,2025-11-30 14:44:36,FALSE,Fullerton Running,12.01,"1,527",01:50:17,144,174,3.4,160,217,9:11,4:41,863,896,1.09,8.5,9.2,281,8:56,359,0.0,350,684,"17,618",-17,No,00:00:03.8,13,--,--,01:49:57,02:00:02,202,764
Running,2025-11-29 18:48:24,FALSE,Fullerton Running,7.01,728,00:48:43,141,152,3.1,171,179,6:57,6:12,75,98,1.35,7.2,9.7,243,6:59,447,0.0,443,508,"8,328",-8,No,00:00:02.8,8,--,--,00:48:41,00:48:43,203,251
Running,2025-11-28 18:16:58,FALSE,Newport Beach Running,5.01,577,00:40:58,138,150,2.6,165,174,8:11,6:04,--,26,1.20,8.0,9.6,267,8:12,380,0.0,378,579,"6,742",-7,No,00:00:05.4,6,--,--,00:40:57,00:40:58,-22,12
Running,2025-11-27 07:57:13,FALSE,Newport Beach Running,10.01,"1,163",01:16:41,148,186,3.8,166,179,7:40,6:34,30,39,1.26,7.7,9.7,258,7:42,406,0.0,402,511,"12,786",-21,No,00:00:02.6,11,--,--,01:16:31,01:21:34,-19,14
Running,2025-11-26 08:39:00,FALSE,Newport Beach Running,6.01,768,00:50:45,152,164,3.1,164,171,8:27,7:00,3,20,1.17,8.2,9.5,271,8:28,366,0.0,365,474,"8,292",-12,No,00:00:03.2,7,--,--,00:50:44,00:50:45,-7,15
Running,2025-11-25 07:43:14,FALSE,Fullerton Running,8.51,"1,001",01:02:35,153,183,3.6,169,222,7:21,5:16,200,213,1.28,7.5,9.5,250,7:24,427,0.0,418,637,"10,566",-15,No,00:00:01.9,16,--,--,01:02:19,01:05:19,201,286
Running,2025-11-24 09:35:18,FALSE,Fullerton Running,10.01,"1,216",01:23:01,146,161,3.3,164,170,8:18,7:20,144,112,1.18,8.1,9.6,269,8:19,375,0.0,374,442,"13,612",-21,No,00:00:03.5,11,--,--,01:22:52,01:23:46,226,288
Running,2025-11-19 13:51:49,FALSE,Fullerton Running,8.51,"1,002",01:13:30,131,154,3.0,163,176,8:38,5:42,200,190,1.13,8.3,9.4,272,8:40,359,0.0,358,563,"11,996",-15,No,00:04:23.4,9,--,--,01:13:13,01:19:45,230,283
Running,2025-11-18 07:11:05,FALSE,Fullerton Running,8.01,928,00:58:31,153,175,3.5,170,188,7:18,5:41,190,230,1.28,7.4,9.4,246,7:20,425,0.0,418,606,"10,006",-12,No,00:00:05.8,9,--,--,00:58:12,01:07:16,206,293
Running,2025-11-16 18:58:40,FALSE,Fullerton Running,10.01,"1,220",01:11:20,169,183,4.4,172,231,7:08,5:48,98,121,1.31,7.3,9.5,244,7:09,431,0.0,431,539,"12,262",-13,No,00:00:03.0,11,--,--,01:11:16,01:12:18,201,247
Running,2025-11-15 18:26:34,FALSE,Fullerton Running,3.00,372,00:28:22,132,146,2.2,160,167,9:26,8:10,26,46,1.06,8.7,9.2,282,9:30,325,0.0,325,392,"4,570",-4,No,00:00:01.9,4,--,--,00:28:16,00:29:29,207,241
Running,2025-11-14 07:20:03,FALSE,Fullerton Running,20.01,"2,479",02:47:17,145,175,4.5,163,182,8:22,5:15,735,781,1.17,8.1,9.4,267,8:19,391,0.0,378,618,"27,308",-28,No,00:00:03.9,21,--,--,02:45:50,03:02:30,162,680
Running,2025-11-13 12:08:40,FALSE,Fullerton Running,5.01,642,00:42:17,152,169,3.1,164,204,8:26,6:54,69,66,1.16,8.1,9.4,268,8:30,365,0.0,364,484,"6,956",-9,No,00:00:04.0,6,--,--,00:41:59,00:44:37,161,236
Running,2025-11-12 13:21:02,FALSE,Fullerton Running,8.02,"1,062",01:21:33,141,159,3.0,159,184,10:10,7:50,810,820,1.01,9.0,9.0,291,9:49,336,0.0,325,530,"12,976",-16,No,00:00:13.9,9,--,--,01:21:17,01:22:22,186,479
Running,2025-11-11 20:39:01,FALSE,Fullerton Running,10.01,"1,155",01:14:12,152,180,3.9,168,192,7:25,5:02,20,36,1.27,7.6,9.5,252,7:27,433,0.0,412,609,"12,468",-12,No,00:00:16.7,17,--,--,01:13:59,01:18:07,211,241
Running,2025-11-09 08:34:56,FALSE,Fullerton Running,18.01,"2,214",02:24:24,152,182,4.6,167,190,8:01,5:40,912,902,1.19,7.9,9.3,260,7:58,395,0.0,390,534,"24,196",-33,No,00:00:03.6,19,--,--,02:24:01,02:37:04,211,707
Running,2025-11-08 19:25:53,FALSE,Fullerton Running,8.02,993,01:10:49,146,170,3.1,163,179,8:50,6:09,43,66,1.11,8.4,9.3,275,8:51,350,0.0,349,498,"11,550",-12,No,00:00:11.2,9,--,--,01:10:46,01:11:10,202,251
Running,2025-11-07 19:23:07,FALSE,Fullerton Running,8.01,987,01:09:52,138,163,3.1,163,182,8:44,4:44,79,115,1.13,8.3,9.4,274,8:45,355,0.0,354,643,"11,376",-11,No,00:00:02.7,9,--,--,01:09:49,01:11:03,190,249
Running,2025-11-06 09:57:15,FALSE,Anaheim Running,10.01,"1,237",01:16:04,157,180,4.4,169,181,7:36,6:28,217,190,1.25,7.6,9.5,254,7:36,415,0.0,408,534,"12,822",-19,No,00:00:03.2,11,--,--,01:15:55,01:18:36,172,278
Treadmill Running,2025-11-05 19:28:45,FALSE,Treadmill Running,7.52,806,01:06:04,139,162,2.7,155,210,8:47,6:51,--,--,1.19,8.2,9.7,278,--,358,0.0,344,468,"10,222",-9,No,00:03:49.1,8,--,--,01:04:48,01:09:27,--,--
Running,2025-11-04 17:57:10,FALSE,Fullerton Running,10.01,"1,191",01:13:09,159,181,4.2,168,231,7:18,5:07,26,62,1.30,7.5,9.6,250,7:21,431,0.0,419,583,"12,276",-13,No,00:00:02.0,16,--,--,01:13:00,01:17:29,186,249
Running,2025-11-02 18:07:59,FALSE,Fullerton Running,15.01,"1,924",02:12:20,155,169,4.0,159,198,8:49,6:49,164,223,1.15,8.4,9.7,281,8:51,353,0.0,352,492,"21,134",-23,No,00:00:03.2,16,--,--,02:11:53,02:17:50,166,249
Running,2025-10-31 18:47:50,FALSE,Fullerton Running,5.01,628,00:38:50,159,179,3.4,164,176,7:45,6:24,56,75,1.25,7.8,9.7,260,7:49,395,0.0,394,531,"6,412",-6,No,00:00:02.8,6,--,--,00:38:40,00:40:11,152,230
Running,2025-10-31 10:19:35,FALSE,Fullerton Running,5.01,592,00:37:49,151,164,3.2,167,183,7:33,5:56,62,72,1.26,7.6,9.6,254,7:37,406,0.0,405,564,"6,348",-9,No,00:00:03.7,6,--,--,00:37:37,00:39:40,152,228
Running,2025-10-30 11:21:09,FALSE,Anaheim Running,10.00,"1,293",01:29:19,154,166,3.4,163,171,8:56,6:42,236,184,1.10,8.4,9.3,275,8:55,350,0.0,349,510,"14,566",-22,No,00:00:02.0,11,--,--,01:29:06,01:31:30,175,285
Running,2025-10-29 11:47:49,FALSE,Fullerton Running,7.27,965,01:00:12,168,189,3.7,164,179,8:17,5:46,92,56,1.17,8.1,9.5,267,8:19,377,0.0,374,580,"9,910",-14,No,00:01:44.9,8,--,--,01:00:05,01:00:59,225,299
Running,2025-10-28 11:33:54,FALSE,Anaheim Running,8.01,"1,045",01:04:04,166,189,4.0,161,181,8:00,5:44,180,177,1.24,7.8,9.5,259,7:59,407,0.0,389,575,"10,334",-18,No,00:00:01.6,15,--,--,01:02:41,01:10:27,151,227
Running,2025-10-27 11:15:37,FALSE,Fullerton Running,7.01,863,01:02:00,143,159,3.0,163,226,8:51,5:09,92,69,1.11,8.4,9.3,274,8:54,348,0.0,348,612,"10,114",-18,No,00:00:03.4,8,--,--,01:01:46,01:05:27,175,251
Running,2025-10-24 07:42:27,FALSE,Fullerton Running,13.13,"1,576",01:29:27,170,183,5.0,173,179,6:49,5:54,135,167,1.36,7.1,9.6,238,6:50,452,0.0,452,554,"15,446",-17,No,00:00:50.7,14,--,--,01:29:22,01:29:27,194,251
Running,2025-10-23 10:57:25,FALSE,Fullerton Running,4.01,493,00:30:35,158,179,3.2,167,179,7:38,6:30,43,52,1.25,7.7,9.5,255,7:40,410,0.0,402,498,"5,132",-9,No,00:00:03.3,5,--,--,00:30:32,00:31:49,198,222
Treadmill Running,2025-10-22 11:29:31,FALSE,Treadmill Running,6.26,605,00:56:26,130,171,2.5,154,173,9:01,6:28,--,--,1.23,7.9,9.7,271,--,378,0.0,355,488,"8,648",-14,No,00:07:23.2,7,--,--,00:55:32,01:17:46,--,--
Running,2025-10-21 12:14:39,FALSE,Fullerton Running,6.04,721,00:44:53,156,183,3.5,167,192,7:26,4:56,69,46,1.28,7.6,9.6,254,7:27,431,0.0,414,619,"7,446",-12,No,00:01:14.6,19,--,--,00:44:47,00:49:55,205,241
Running,2025-10-20 13:13:50,FALSE,Fullerton Running,7.01,903,00:57:51,156,175,3.4,162,174,8:15,6:30,89,69,1.19,8.1,9.6,269,8:19,375,0.0,375,483,"9,394",-14,No,00:00:03.7,8,--,--,00:57:39,01:00:44,176,239
Running,2025-10-17 05:40:35,FALSE,Orange County Running,15.01,"1,800",02:06:45,131,189,3.7,164,179,8:27,6:08,338,397,1.16,8.2,9.5,272,8:27,384,0.0,370,"2,097","20,750",-7,No,00:00:03.0,16,--,--,02:06:41,02:11:01,93,196
Running,2025-10-16 11:20:18,FALSE,Fullerton Running,9.01,"1,028",01:05:41,153,183,3.8,168,215,7:17,4:37,105,79,1.30,7.5,9.7,250,7:20,425,0.0,421,624,"11,072",-17,No,00:00:03.7,10,--,--,01:05:31,01:09:57,170,241
Running,2025-10-15 12:42:38,FALSE,Fullerton Running,8.01,993,01:09:56,146,159,3.1,162,177,8:44,7:32,92,82,1.13,8.3,9.4,273,8:46,357,0.0,356,455,"11,390",-18,No,00:00:02.6,9,--,--,01:09:43,01:12:22,171,241
Treadmill Running,2025-10-14 18:40:45,FALSE,Treadmill Running,7.00,878,01:09:41,144,190,3.1,149,240,9:57,6:28,--,--,1.04,8.1,8.2,268,--,335,0.0,281,478,"10,400",-11,No,00:08:45.8,7,--,--,01:06:24,01:11:58,--,--
Running,2025-10-12 11:52:24,FALSE,Huntington Beach Running,10.01,"1,255",01:26:59,150,176,3.3,163,172,8:41,7:07,89,82,1.13,8.3,9.4,273,8:42,357,0.0,355,455,"14,196",-21,No,00:00:03.7,11,--,--,01:26:52,01:29:45,5,55
Running,2025-10-11 07:03:28,FALSE,Fullerton Running,16.01,"1,858",02:05:39,147,175,3.9,166,179,7:51,6:05,174,220,1.23,7.8,9.6,261,7:53,401,0.0,393,560,"20,854",-24,No,00:00:02.4,17,--,--,02:05:32,02:12:21,184,249
Treadmill Running,2025-10-10 18:15:41,FALSE,Treadmill Running,6.00,619,01:03:46,127,149,2.1,158,171,10:38,8:07,--,--,0.97,9.2,8.8,293,--,290,0.0,284,391,"10,010",-6,No,00:09:49.5,6,--,--,01:03:00,01:06:47,--,--
Running,2025-10-09 06:40:23,FALSE,Fullerton Running,9.99,"1,153",01:15:25,150,165,3.7,169,184,7:33,5:38,95,125,1.25,7.6,9.4,252,7:34,418,0.0,407,538,"12,766",-19,No,00:00:02.2,16,--,--,01:15:09,01:18:36,194,250
Running,2025-10-08 19:08:18,FALSE,Fullerton Running,7.01,884,00:59:14,153,166,3.2,164,179,8:27,6:11,72,105,1.16,8.2,9.5,270,8:28,369,0.0,368,492,"9,718",-11,No,00:00:03.1,8,--,--,00:59:10,01:00:25,198,251
Running,2025-10-07 11:32:59,FALSE,Anaheim Running,12.26,"1,443",01:32:50,155,188,4.3,167,179,7:34,4:57,315,308,1.27,7.5,9.4,251,7:33,424,0.0,409,628,"15,490",-20,No,00:00:01.8,17,--,--,01:32:29,01:39:09,139,257
Treadmill Running,2025-10-05 18:48:25,FALSE,Treadmill Running,8.50,943,01:30:22,136,150,2.6,159,235,10:38,7:25,--,--,1.02,8.9,9.1,288,--,309,0.0,306,428,"14,396",-12,No,00:00:46.5,10,--,--,01:29:31,01:34:39,--,--
Running,2025-10-04 06:56:25,FALSE,Fullerton Running,18.01,"2,095",02:23:50,135,162,4.1,165,196,7:59,5:58,210,233,1.21,7.9,9.6,264,8:01,398,0.0,389,543,"23,766",-25,No,00:00:02.0,19,--,--,02:23:44,02:32:50,202,253
Running,2025-10-02 11:45:56,FALSE,Fullerton Running,9.01,"1,126",01:07:37,167,187,4.6,168,177,7:30,6:19,92,75,1.27,7.6,9.6,253,7:31,418,0.0,411,517,"11,360",-15,No,00:00:02.9,10,--,--,01:07:22,01:12:59,180,237
Treadmill Running,2025-10-01 19:13:48,FALSE,Treadmill Running,6.00,744,01:00:26,140,160,2.7,159,218,10:04,12:11,--,--,0.78,10.1,7.9,299,--,239,0.0,236,265,"9,578",-9,No,00:07:55.7,5,--,--,00:59:12,01:04:06,--,--
Running,2025-09-30 20:07:27,FALSE,Fullerton Running,10.01,"1,243",01:16:48,165,190,4.5,165,246,7:40,5:36,62,72,1.25,7.8,9.5,257,7:42,423,0.0,401,565,"12,674",-16,No,00:00:01.7,18,--,--,01:16:23,01:18:38,213,255
Running,2025-09-28 23:07:55,FALSE,Fullerton Running,8.56,"1,035",01:14:14,141,150,3.1,160,176,8:40,5:45,26,46,1.16,8.4,9.7,279,8:42,358,0.0,358,577,"11,904",-16,No,00:04:45.9,9,--,--,01:14:10,01:16:04,207,249
Running,2025-09-27 10:21:20,FALSE,Fullerton Running,16.01,"1,944",02:10:28,153,177,4.1,164,215,8:09,6:36,230,203,1.20,8.1,9.6,267,8:11,385,0.0,382,494,"21,386",-30,No,00:00:03.1,17,--,--,02:10:19,02:13:38,209,287
Treadmill Running,2025-09-26 09:25:42,FALSE,Treadmill Running,5.00,539,00:52:20,129,140,2.0,159,165,10:28,9:02,--,--,0.95,9.3,8.8,295,--,286,0.0,285,347,"8,338",-9,No,00:08:58.6,5,--,--,00:52:04,00:54:37,--,--
Running,2025-09-25 11:48:47,FALSE,Fullerton Running,8.01,887,01:01:50,144,178,3.2,166,176,7:43,6:48,98,79,1.25,7.8,9.6,259,7:44,408,0.0,403,487,"10,314",-14,No,00:00:02.5,9,--,--,01:01:42,01:03:08,207,245
Treadmill Running,2025-09-24 12:54:49,FALSE,Treadmill Running,7.00,727,01:14:28,127,151,2.1,160,169,10:38,9:57,--,--,0.85,9.6,8.2,295,--,261,0.0,257,318,"11,922",-13,No,00:02:58.8,7,--,--,01:13:43,01:16:52,--,--
Running,2025-09-23 19:53:50,FALSE,Fullerton Running,8.56,"1,033",01:04:12,161,183,4.0,167,183,7:30,5:21,39,66,1.28,7.7,9.7,256,7:32,428,0.0,413,625,"10,686",-12,No,00:00:02.6,17,--,--,01:04:08,01:06:11,191,250
Running,2025-09-22 21:19:42,FALSE,Fullerton Running,7.02,862,00:57:43,150,165,3.2,164,179,8:14,5:47,92,105,1.19,8.1,9.6,269,8:15,378,0.0,377,557,"9,438",-10,No,00:00:04.4,8,--,--,00:57:40,00:57:48,210,260
Running,2025-09-20 19:18:33,FALSE,Fullerton Running,20.03,"2,482",02:55:27,152,174,4.3,162,177,8:46,6:28,266,285,1.14,8.4,9.5,277,8:47,361,0.0,359,526,"28,328",-22,No,00:00:09.9,21,--,--,02:55:15,02:57:27,209,255
Treadmill Running,2025-09-19 18:36:07,FALSE,Treadmill Running,4.00,430,00:49:56,120,129,1.3,154,161,12:29,9:59,--,--,0.97,9.3,8.9,299,--,286,0.0,280,311,"7,676",-14,No,00:06:10.7,5,--,--,00:49:02,00:51:45,--,--
Running,2025-09-18 21:36:23,FALSE,Fullerton Running,5.06,631,00:44:22,145,160,2.8,162,170,8:46,6:49,56,69,1.13,8.4,9.5,276,8:49,354,0.0,353,510,"7,172",-7,No,00:00:22.6,6,--,--,00:44:16,00:44:58,212,255
Running,2025-09-17 17:41:47,FALSE,Fullerton Running,6.10,735,00:50:43,147,191,3.4,144,218,8:19,5:31,92,115,1.32,7.4,9.5,246,8:19,438,0.0,366,602,"7,324",-10,No,00:00:01.7,15,--,--,00:43:36,00:52:19,182,228
Running,2025-09-16 17:39:32,FALSE,Fullerton Running,5.01,592,00:32:56,174,190,4.0,173,177,6:35,6:12,56,75,1.41,6.9,9.8,235,6:36,485,0.0,482,549,"5,690",-8,No,00:00:02.4,6,--,--,00:32:54,00:32:56,204,228
Treadmill Running,2025-09-15 16:32:41,FALSE,Treadmill Running,5.00,575,00:50:36,134,153,2.2,159,167,10:07,6:42,--,--,1.22,8.0,9.8,270,--,373,0.0,365,485,"8,046",-7,No,00:00:48.2,7,--,--,00:49:56,00:51:50,--,--
Running,2025-09-14 11:17:28,FALSE,Fullerton Running,13.15,"1,629",01:44:43,161,181,4.7,166,235,7:58,6:48,108,82,1.21,7.9,9.5,261,7:58,395,0.0,389,480,"17,412",-23,No,00:01:18.4,14,--,--,01:44:31,01:48:20,224,288
Running,2025-09-13 19:23:52,FALSE,Fullerton Running,7.01,840,00:51:23,161,186,3.9,167,179,7:20,5:48,75,102,1.31,7.5,9.8,253,7:22,429,0.0,421,573,"8,598",-8,No,00:00:03.6,8,--,--,00:51:17,00:52:05,196,255
Treadmill Running,2025-09-12 19:25:24,FALSE,Treadmill Running,10.00,978,01:26:10,142,175,3.2,155,174,8:37,6:02,--,--,1.18,8.1,9.4,272,--,356,0.0,336,525,"13,426",-9,No,00:05:08.4,10,--,--,01:22:50,01:36:51,--,--
Running,2025-09-10 20:17:49,FALSE,Fullerton Running,10.00,"1,270",01:32:52,147,162,3.3,160,167,9:17,7:51,43,56,1.08,8.7,9.4,284,9:19,332,0.0,332,406,"14,882",-15,No,00:00:02.9,11,--,--,01:32:44,01:34:10,220,259
Running,2025-09-09 20:26:04,FALSE,Fullerton Running,10.01,"1,233",01:13:22,167,179,4.4,168,215,7:20,5:05,125,121,1.31,7.5,9.8,252,7:21,428,0.0,426,677,"12,302",-13,No,00:00:04.9,11,--,--,01:13:19,01:14:43,227,270
Running,2025-09-07 20:14:34,FALSE,Fullerton Running,17.18,"2,076",02:26:33,150,175,3.9,162,175,8:32,6:57,217,220,1.17,8.3,9.6,275,8:33,366,0.0,363,449,"23,660",-16,No,00:01:27.5,18,--,--,02:26:22,02:29:22,218,257
Treadmill Running,2025-09-06 21:47:21,FALSE,Treadmill Running,4.00,435,00:36:30,139,178,2.3,134,225,9:08,6:49,--,--,1.18,7.6,8.4,251,--,354,0.0,275,452,"4,898",-11,No,00:04:15.6,4,--,--,00:29:08,00:38:23,--,--
Running,2025-09-05 20:20:53,FALSE,Fullerton Running,8.08,"1,019",01:08:48,153,173,3.3,161,167,8:31,7:02,105,112,1.17,8.3,9.6,274,8:32,365,0.0,364,480,"11,094",-6,No,00:00:42.7,9,--,--,01:08:42,01:09:27,218,252
Running,2025-09-04 06:20:30,FALSE,Fullerton - Base,7.01,839,00:57:45,146,155,3.1,162,170,8:14,7:16,89,92,1.20,8.1,9.7,270,8:15,378,0.0,377,463,"9,396",-12,No,00:03:33.8,8,--,--,00:57:41,00:58:19,226,260
Running,2025-09-03 06:18:52,FALSE,Fullerton - Threshold,7.76,940,00:57:38,162,189,4.1,167,188,7:26,5:27,85,92,1.28,7.6,9.6,253,7:27,431,0.0,414,560,"9,658",-15,No,00:00:38.1,12,--,--,00:57:23,00:58:28,226,260
Treadmill Running,2025-09-02 19:21:18,FALSE,Treadmill Running,6.00,800,00:59:14,145,176,3.4,159,172,9:52,7:51,--,--,0.99,8.9,8.8,286,--,304,0.0,294,405,"9,402",-9,No,00:06:28.0,6,--,--,00:57:59,01:02:05,--,--
Running,2025-09-02 06:37:56,FALSE,Fullerton Running,5.01,623,00:43:10,146,164,3.0,162,174,8:37,7:17,52,66,1.14,8.3,9.5,273,8:41,359,0.0,357,455,"7,010",-11,No,00:00:04.7,6,--,--,00:42:59,00:44:49,169,236
Running,2025-08-30 08:29:35,FALSE,Fullerton Running,3.07,386,00:27:44,143,152,2.3,162,170,9:02,8:06,39,46,1.09,8.5,9.3,277,9:03,345,0.0,343,402,"4,502",-6,No,00:00:39.5,4,--,--,00:27:40,00:27:49,228,272
Treadmill Running,2025-08-29 19:43:29,FALSE,Treadmill Running,1.10,147,00:11:49,132,144,1.5,156,167,10:45,11:22,--,--,0.80,9.9,7.7,295,--,243,0.0,229,274,"1,858",-2,No,00:11:49,1,--,--,00:11:36,00:11:49,--,--
Treadmill Running,2025-08-29 18:43:41,FALSE,Treadmill Running,1.00,131,00:10:59,129,141,1.1,158,165,10:59,9:29,--,--,0.99,9.0,8.7,286,--,297,0.0,288,324,"1,734",-2,No,00:00:33.4,2,--,--,00:10:57,00:10:59,--,--
Running,2025-08-29 08:32:31,FALSE,Fullerton Running,5.01,582,00:33:05,169,183,3.8,172,215,6:36,5:34,56,56,1.40,6.9,9.7,235,6:39,464,0.0,463,590,"5,688",-8,No,00:00:02.8,6,--,--,00:32:57,00:35:47,173,240
Running,2025-08-28 19:56:26,FALSE,Fullerton - Base,7.45,955,01:04:02,153,166,3.3,161,169,8:36,7:35,121,128,1.16,8.3,9.7,277,8:38,361,0.0,360,472,"10,284",-9,No,00:00:02.0,9,--,--,01:03:52,01:04:59,211,285
Running,2025-08-27 10:51:05,FALSE,Fullerton - Anaerobic,6.40,830,00:53:28,159,184,3.5,164,215,8:22,4:49,72,59,1.16,8.2,9.4,270,8:25,382,0.0,368,647,"8,684",-15,No,00:00:40,20,--,--,00:53:20,01:00:21,185,243
Running,2025-08-26 06:20:18,FALSE,Fullerton Running,4.00,495,00:38:45,130,143,2.2,161,171,9:41,8:52,135,141,1.03,8.8,9.1,285,9:37,328,0.0,325,468,"6,226",-8,No,00:00:02.1,5,--,--,00:38:43,00:38:45,198,264
Running,2025-08-25 06:26:42,FALSE,Fullerton Running,5.01,615,00:45:47,140,150,2.5,162,169,9:09,6:56,62,66,1.08,8.6,9.2,278,9:10,338,0.0,337,483,"7,416",-11,No,00:00:03.2,6,--,--,00:45:41,00:46:35,224,262
Running,2025-08-24 06:40:19,FALSE,Orange County Running,14.09,"1,730",01:57:40,151,186,4.1,164,231,8:21,5:49,525,518,1.17,8.1,9.5,269,8:19,390,0.0,376,581,"19,208",-23,No,00:00:44.6,15,--,--,01:57:18,02:03:35,41,253
Treadmill Running,2025-08-23 20:22:45,FALSE,Treadmill Running,2.00,280,00:20:02,142,163,2.4,159,173,10:01,9:31,--,--,0.93,9.1,8.3,286,--,282,0.0,269,326,"3,170",-3,No,00:08:02.4,2,--,--,00:19:33,00:21:15,--,--
Running,2025-08-23 09:13:43,FALSE,Fullerton Running,5.01,614,00:37:42,158,182,3.5,167,186,7:31,5:25,52,66,1.28,7.6,9.7,255,7:31,419,0.0,411,605,"6,302",-8,No,00:00:04.2,6,--,--,00:37:37,00:37:58,220,263
Running,2025-08-22 19:27:30,FALSE,Fullerton Running,6.52,846,00:57:26,154,167,3.1,161,171,8:49,6:28,85,89,1.14,8.4,9.6,279,8:49,355,0.0,354,488,"9,222",-8,No,00:04:19.2,7,--,--,00:57:20,00:58:06,224,257
Running,2025-08-21 09:21:24,FALSE,Fullerton - Threshold,8.36,"1,057",01:03:04,167,191,4.4,168,181,7:32,6:06,121,115,1.27,7.6,9.6,255,7:32,421,0.0,412,504,"10,554",-14,No,00:00:03.8,12,--,--,01:02:59,01:05:16,228,284
Treadmill Running,2025-08-19 20:22:33,FALSE,Treadmill Running,1.03,184,00:14:21,134,144,1.6,138,163,13:54,10:48,--,--,0.90,9.6,8.3,299,--,256,0.0,219,300,"1,984",-1,No,00:01:40.2,2,--,--,00:12:16,00:14:21,--,--
Treadmill Running,2025-08-19 19:40:40,FALSE,Treadmill Running,1.00,144,00:11:41,131,143,1.3,155,165,11:41,7:03,--,--,1.33,7.7,10.2,267,--,408,0.0,389,433,"1,802",-2,No,00:03:42.4,2,--,--,00:11:40,00:11:41,--,--
Treadmill Running,2025-08-19 08:44:50,FALSE,Treadmill Running,4.00,361,00:33:49,127,157,2.1,147,171,8:27,10:18,--,--,0.88,9.5,7.9,293,--,256,0.0,227,306,"4,938",-8,No,00:06:52.1,3,--,--,00:31:34,00:47:25,--,--
Running,2025-08-18 18:46:25,FALSE,Fullerton Running,6.00,772,00:51:19,151,170,3.1,161,179,8:33,6:12,69,85,1.16,8.3,9.6,274,8:36,367,0.0,366,548,"8,284",-8,No,00:00:03.9,7,--,--,00:51:11,00:53:24,157,237
Running,2025-08-17 13:13:32,FALSE,Huntington Beach Running,15.01,"1,858",02:20:57,140,186,3.5,159,181,9:23,5:51,148,138,1.08,8.7,9.4,287,9:24,336,0.0,331,561,"22,388",-24,No,00:00:02.8,16,--,--,02:20:48,02:25:27,1,62
Running,2025-08-16 08:40:28,FALSE,Fullerton Running,6.03,695,00:49:43,138,159,2.7,163,170,8:15,6:48,89,89,1.19,8.1,9.6,269,8:16,379,0.0,377,481,"8,108",-13,No,00:00:11.8,7,--,--,00:49:37,00:49:56,236,283
Running,2025-08-14 09:49:30,FALSE,Walnut Creek - Anaerobic,10.01,"1,230",01:22:15,151,180,3.5,165,194,8:13,4:36,171,171,1.18,8.1,9.4,268,8:14,396,0.0,377,742,"13,420",-22,No,00:00:40,34,--,--,01:22:10,01:23:10,97,196
Treadmill Running,2025-08-13 20:36:06,FALSE,Treadmill Running,3.00,359,00:37:35,121,132,1.3,152,161,12:32,11:09,--,--,0.88,9.7,8.4,305,--,257,0.0,246,283,"5,686",-3,No,00:00:16.0,4,--,--,00:36:49,00:37:35,--,--
Treadmill Running,2025-08-13 09:56:31,FALSE,Treadmill Running,3.00,336,00:35:46,120,131,1.2,156,167,11:55,7:20,--,--,1.24,8.1,10.0,278,--,370,0.0,363,443,"5,558",-5,No,00:02:05.5,5,--,--,00:35:33,00:39:30,--,--
Running,2025-08-12 09:49:40,FALSE,Walnut Creek - Tempo,10.05,"1,254",01:10:02,173,188,5.0,170,181,6:58,5:57,154,157,1.35,7.2,9.7,244,6:59,449,0.0,445,595,"11,944",-21,No,00:00:02.0,13,--,--,01:09:56,01:12:16,102,203
Running,2025-08-11 10:22:41,FALSE,Walnut Creek - Base,6.01,760,00:50:11,152,165,3.1,164,174,8:22,5:44,121,115,1.17,8.1,9.5,269,8:22,374,0.0,373,554,"8,216",-13,No,00:01:11.5,7,--,--,00:50:08,00:52:00,100,201
Running,2025-08-10 19:25:34,FALSE,Walnut Creek - Base,11.01,"1,383",01:33:32,152,165,3.6,163,174,8:30,6:47,203,203,1.16,8.2,9.5,272,8:30,374,0.0,370,506,"15,212",-23,No,00:00:45.9,12,--,--,01:33:26,01:34:09,102,219
Running,2025-08-09 10:03:13,FALSE,Walnut Creek - Recovery,3.64,473,00:35:04,140,151,2.3,161,170,9:38,8:36,79,69,1.04,8.8,9.2,286,9:39,328,0.0,326,375,"5,612",-6,No,00:00:03.7,5,--,--,00:35:02,00:35:07,120,188
Running,2025-08-08 10:08:01,FALSE,Walnut Creek Running,10.01,"1,251",01:36:02,142,162,3.0,159,176,9:36,6:31,203,190,1.05,8.8,9.3,289,9:34,329,0.0,327,506,"15,272",-19,No,00:00:05.5,11,--,--,01:35:57,01:36:37,100,219
Running,2025-08-07 09:13:36,FALSE,Walnut Creek Running,5.02,645,00:46:37,142,159,2.6,161,174,9:17,6:24,112,102,1.07,8.7,9.3,282,9:18,339,0.0,336,484,"7,496",-12,No,00:00:12.8,6,--,--,00:46:34,00:46:53,108,207
Running,2025-08-06 10:48:22,FALSE,Walnut Creek Running,7.00,895,01:12:56,134,152,2.5,159,231,10:25,8:23,121,115,0.97,9.2,8.9,293,10:24,301,0.0,300,403,"11,588",-13,No,00:00:03.3,8,--,--,01:12:44,01:14:36,104,203
Running,2025-08-05 09:51:46,FALSE,Walnut Creek Running,5.10,643,00:49:49,130,150,2.4,160,170,9:46,7:46,108,105,1.03,8.9,9.2,288,9:45,323,0.0,320,460,"7,962",-11,No,00:01:00.5,6,--,--,00:49:43,00:51:23,103,205
Track Running,2025-08-04 20:38:23,FALSE,Walnut Creek Track Running,"1,610",133,00:10:30,134,155,1.1,157,163,10:29,9:24,--,--,1.02,9.0,9.2,293,--,310,0.0,306,339,"1,646",-2,No,00:00:02.9,2,--,--,00:10:26,00:10:30,204,206
Track Running,2025-08-04 20:04:35,FALSE,Walnut Creek Track Running,"6,270",488,00:31:13,150,174,3.0,133,203,8:01,4:28,--,--,1.50,6.3,9.4,214,--,469,0.0,374,630,"4,198",-4,No,00:01:07.8,10,--,--,00:24:05,00:31:13,201,206
Running,2025-08-04 19:51:51,FALSE,Walnut Creek Running,1.01,125,00:09:43.8,133,147,1.1,158,170,9:40,7:34,--,7,1.04,8.9,9.2,291,9:48,318,0.0,314,416,"1,542",-2,No,00:00:02.2,2,--,--,00:09:42.6,00:09:43.8,205,215
Running,2025-08-04 09:06:28,FALSE,Walnut Creek Running,5.01,517,00:33:42,144,182,3.1,172,196,6:44,5:13,108,98,1.37,7.0,9.7,238,6:45,463,0.0,459,624,"5,796",-8,No,00:00:02.2,6,--,--,00:33:38,00:34:14,101,204
Running,2025-08-02 07:15:36,FALSE,Walnut Creek Running,15.01,"1,781",01:58:27,152,177,4.2,166,192,7:54,5:09,240,249,1.22,7.9,9.6,262,7:54,401,0.0,393,590,"19,604",-27,No,00:00:03.0,16,--,--,01:58:18,02:06:54,96,205
Running,2025-08-01 09:31:18,FALSE,Walnut Creek - Sprint,7.01,839,00:56:16,150,177,3.2,165,222,8:01,3:38,135,131,1.20,8.0,9.5,267,8:04,392,0.0,383,830,"9,204",-16,No,00:00:15,22,--,--,00:56:12,00:58:02,81,179
Running,2025-07-31 09:46:08,FALSE,Walnut Creek Running,7.01,862,01:11:04,132,147,2.6,159,169,10:09,7:56,125,128,0.99,9.1,9.0,292,10:11,309,0.0,307,498,"11,310",-13,No,00:00:02.4,8,--,--,01:11:00,01:12:19,102,205
Running,2025-07-30 16:48:36,FALSE,Walnut Creek - Base,6.01,757,00:48:11,155,176,3.3,164,188,8:01,5:31,125,135,1.22,8.0,9.7,266,8:02,391,0.0,388,615,"7,900",-10,No,00:03:11.5,7,--,--,00:48:09,00:48:29,88,198
Running,2025-07-29 09:57:23,FALSE,Walnut Creek Running,2.24,279,00:21:14,133,145,2.0,161,167,9:28,8:30,52,43,1.05,8.7,9.2,283,9:27,332,0.0,329,380,"3,414",-5,No,00:02:14.1,3,--,--,00:21:13,00:21:14,131,180
Track Running,2025-07-28 20:38:43,FALSE,Walnut Creek Track Running,"1,610",132,00:10:04,140,149,1.2,156,161,10:04,9:22,--,3,1.03,9.0,9.2,294,--,316,0.0,312,350,"1,576",-2,No,00:00:02.6,2,--,--,00:10:02,00:10:04,201,206
Track Running,2025-07-28 20:11:07,FALSE,Walnut Creek Track Running,"5,050",368,00:25:06,145,181,2.6,130,209,8:00,4:12,--,--,1.56,6.2,9.5,212,--,478,0.0,375,753,"3,264",-4,No,00:00:09.1,12,--,--,00:19:08,00:25:06,194,206
Track Running,2025-07-28 19:57:09,FALSE,Walnut Creek Track Running,"1,610",123,00:10:02,128,141,1.0,156,165,10:01,8:21,--,--,1.02,9.1,9.2,295,--,311,0.0,307,374,"1,564",-2,No,00:00:02.0,2,--,--,00:09:59,00:10:02,202,206
Running,2025-07-28 10:28:57,FALSE,Walnut Creek Running,5.01,592,00:33:30,167,186,3.7,171,188,6:41,5:12,108,95,1.39,7.0,9.8,238,6:41,465,0.0,462,654,"5,744",-8,No,00:00:03.0,6,--,--,00:33:27,00:35:26,112,213
Running,2025-07-26 07:40:06,FALSE,Walnut Creek Running,13.15,"1,628",01:40:23,160,183,4.7,166,179,7:38,6:22,223,230,1.26,7.7,9.7,258,7:38,414,0.0,409,547,"16,706",-21,No,00:01:04.4,14,--,--,01:40:13,01:42:23,104,211
Running,2025-07-25 09:22:32,FALSE,Walnut Creek Running,5.11,608,00:42:13,138,148,2.7,164,172,8:16,5:51,118,108,1.19,8.1,9.6,268,8:14,380,0.0,377,524,"6,928",-13,No,00:00:51.8,6,--,--,00:42:10,00:43:13,104,206
Running,2025-07-24 20:02:47,FALSE,Walnut Creek Running,2.01,223,00:12:40,166,189,2.8,173,184,6:19,5:54,36,46,1.47,6.7,9.9,229,6:21,493,0.0,489,603,"2,190",-5,No,00:00:02.2,3,--,--,00:12:39,00:12:40,111,158
Running,2025-07-24 08:17:52,FALSE,Walnut Creek - Sprint,6.90,790,00:55:20,135,162,3.1,163,231,8:01,3:27,131,131,1.21,8.1,9.6,270,8:04,396,0.0,383,873,"8,932",-15,No,00:00:04.5,22,--,--,00:55:15,00:57:27,89,196
Running,2025-07-23 09:03:51,FALSE,Walnut Creek Running,5.01,617,00:46:48,137,151,2.5,158,167,9:21,7:28,98,92,1.09,8.7,9.5,287,9:20,337,0.0,335,441,"7,398",-12,No,00:00:03.2,6,--,--,00:46:43,00:47:58,101,205
Running,2025-07-22 09:57:29,FALSE,Walnut Creek Running,6.01,782,01:02:45,134,167,2.7,156,226,10:27,7:37,486,492,0.98,9.2,8.9,299,9:43,333,0.0,312,602,"9,838",-14,No,00:00:03.1,7,--,--,01:02:39,01:06:56,96,548
Running,2025-07-21 13:42:06,FALSE,Walnut Creek Running,10.01,"1,292",01:16:15,171,185,4.5,166,177,7:37,5:56,217,200,1.27,7.7,9.8,260,7:37,423,0.0,419,562,"12,610",-17,No,00:00:03.9,11,--,--,01:16:11,01:17:35,100,206
Treadmill Running,2025-07-20 10:59:15,FALSE,Treadmill Running,1.08,124,00:30:03,86,96,0.1,99,165,27:53,12:50,--,--,0.79,7.6,5.8,412,--,102,0.0,86,235,"3,070",-3,No,00:01:26.3,2,--,--,00:23:32,00:30:03,--,--
Running,2025-07-18 09:39:21,FALSE,Walnut Creek Running,3.00,365,00:28:13,131,141,2.1,160,187,9:23,5:07,59,59,1.07,8.7,9.4,286,9:23,337,0.0,334,631,"4,508",-7,No,00:00:02.2,4,--,--,00:28:10,00:28:13,120,182
Running,2025-07-17 20:00:38,FALSE,Walnut Creek Running,4.01,510,00:39:23,139,147,2.3,157,167,9:50,8:27,69,79,1.05,8.9,9.4,294,9:50,325,0.0,323,395,"6,152",-6,No,00:00:03.6,5,--,--,00:39:22,00:39:23,133,203
Running,2025-07-17 09:23:49,FALSE,Walnut Creek Running,5.01,600,00:33:00,173,192,3.9,171,186,6:35,5:12,108,102,1.42,7.0,9.9,237,6:36,474,0.0,470,636,"5,640",-11,No,00:00:02.4,6,--,--,00:32:56,00:34:45,104,205
Running,2025-07-16 09:20:19,FALSE,Walnut Creek Running,5.01,630,00:48:02,133,150,2.5,159,167,9:36,7:54,121,112,1.06,8.8,9.3,289,9:35,329,0.0,327,461,"7,630",-10,No,00:00:03.5,6,--,--,00:47:57,00:50:03,101,201
Running,2025-07-15 09:32:51,FALSE,Walnut Creek Running,1.01,133,00:08:55.0,151,157,1.8,158,165,8:52,8:02,13,13,1.14,8.5,9.7,282,8:54,358,0.0,352,409,"1,414",-3,No,00:00:02.2,2,--,--,00:08:54,00:08:55.0,156,177
Running,2025-07-15 08:59:53,FALSE,Walnut Creek Running,4.17,479,00:30:22,154,184,3.1,149,187,7:17,5:23,66,72,1.49,6.6,9.5,221,7:15,484,0.0,419,583,"4,534",-8,No,00:00:01.5,12,--,--,00:27:00,00:30:22,156,183
Running,2025-07-15 08:49:02,FALSE,Walnut Creek Running,1.01,123,00:08:14.4,142,163,1.9,163,186,8:11,4:51,13,20,1.21,8.0,9.6,268,8:11,397,0.0,382,637,"1,336",-3,No,00:00:03.7,2,--,--,00:08:12.7,00:08:14.4,156,181
Running,2025-07-14 19:19:25,FALSE,Walnut Creek Running,5.01,636,00:40:02,157,188,3.4,163,190,8:00,4:58,105,105,1.23,8.0,9.8,269,7:59,407,0.0,393,634,"6,504",-7,No,00:00:02.0,6,--,--,00:40:00,00:40:05,97,205
Running,2025-07-14 08:50:23,FALSE,Walnut Creek Running,3.11,368,00:20:45,170,185,3.2,173,178,6:41,5:52,52,59,1.39,7.0,9.7,237,6:42,465,0.0,463,548,"3,586",-6,No,00:00:40.8,4,--,--,00:20:44,00:20:45,125,184
Running,2025-07-12 06:22:26,FALSE,Walnut Creek Running,20.01,"2,479",02:49:01,155,185,4.8,162,220,8:27,5:41,472,476,1.17,8.3,9.5,273,8:27,382,0.0,370,588,"27,486",-33,No,00:00:04.3,21,--,--,02:48:48,02:53:44,84,221
Running,2025-07-11 08:35:28,FALSE,Walnut Creek Running,5.01,639,00:40:29,157,173,3.2,165,177,8:04,5:32,112,105,1.20,8.0,9.6,265,8:04,387,0.0,384,569,"6,668",-11,No,00:00:05.1,6,--,--,00:40:24,00:42:38,104,207
Running,2025-07-10 08:42:21,FALSE,Walnut Creek Running,5.01,634,00:40:12,155,177,3.3,165,174,8:01,6:22,115,98,1.21,8.0,9.7,266,8:01,395,0.0,388,516,"6,608",-10,No,00:00:04.8,6,--,--,00:40:10,00:40:12,113,212
Running,2025-07-09 15:42:17,FALSE,Walnut Creek Running,5.01,662,00:50:45,145,163,2.4,157,165,10:08,7:34,115,98,1.01,9.1,9.1,295,10:07,314,0.0,311,461,"7,986",-11,No,00:00:03.7,6,--,--,00:50:40,00:51:18,110,207
Running,2025-07-08 09:27:49,FALSE,Walnut Creek Running,5.02,638,00:45:30,140,152,2.7,162,171,9:04,6:37,118,108,1.09,8.5,9.3,278,9:03,347,0.0,344,514,"7,362",-10,No,00:00:08.0,6,--,--,00:45:27,00:46:34,102,204
Track Running,2025-07-07 20:22:36,FALSE,Walnut Creek Track Running,"1,510",130,00:10:11,143,152,1.1,156,163,10:51,9:57,--,3,0.96,9.3,8.9,297,--,367,0.0,319,979,"1,592",-2,No,00:10:11,1,--,--,00:10:04,00:10:54,206,210
Track Running,2025-07-07 19:56:41,FALSE,Walnut Creek Track Running,"4,350",395,00:23:32,161,190,3.1,113,207,8:42,4:15,--,--,1.57,6.0,9.1,206,--,456,0.0,323,702,"2,810",-3,No,00:00:00.8,21,--,--,00:16:27,00:23:32,205,206
Track Running,2025-07-07 19:42:17,FALSE,Walnut Creek Track Running,"1,610",127,00:10:05,136,158,1.3,158,171,10:05,7:18,--,--,1.01,9.0,9.0,292,--,314,0.0,307,434,"1,592",-1,No,00:00:01.6,2,--,--,00:10:05,00:10:05,203,206
Running,2025-07-07 12:37:04,FALSE,Walnut Creek Running,5.60,924,01:03:52,156,179,3.4,155,247,11:25,7:45,"1,007","1,004",0.96,9.3,8.4,310,10:20,324,0.0,309,487,"9,848",-12,No,00:05:14.8,6,--,--,01:03:50,01:04:39,159,788
Treadmill Running,2025-07-06 10:25:41,FALSE,Treadmill Running,4.08,509,00:30:01,164,191,3.7,164,176,7:22,6:13,--,--,1.32,7.3,9.7,249,--,421,0.0,404,485,"4,906",-8,No,00:00:28.5,5,--,--,00:29:52,00:30:01,--,--
Treadmill Running,2025-07-04 11:50:11,FALSE,Treadmill Running,2.25,292,00:20:00,145,167,2.6,157,176,8:53,9:39,--,--,0.91,9.1,8.0,282,--,275,0.0,256,326,"3,154",-4,No,00:07:32.3,2,--,--,00:19:35,00:20:00,--,--
Running,2025-07-03 08:35:37,FALSE,Walnut Creek Running,5.01,623,00:41:06,142,159,3.0,163,175,8:12,6:30,115,108,1.20,8.1,9.7,269,8:10,384,0.0,380,510,"6,700",-9,No,00:00:03.1,6,--,--,00:41:04,00:42:19,108,213
Running,2025-07-02 10:15:43,FALSE,Walnut Creek - Threshold,6.96,890,00:50:04,173,189,4.3,169,182,7:12,5:51,138,128,1.32,7.4,9.7,249,7:12,443,0.0,433,546,"8,440",-12,No,00:00:04.0,10,--,--,00:50:02,00:50:11,132,194
Running,2025-07-01 21:10:04,FALSE,Walnut Creek Running,7.01,881,01:06:35,143,154,2.7,158,167,9:30,7:44,115,115,1.07,8.8,9.4,290,9:32,327,0.0,326,446,"10,492",-9,No,00:00:04.6,8,--,--,01:06:30,01:07:34,79,171
Running,2025-06-30 09:56:38,FALSE,Walnut Creek Running,5.01,641,00:48:17,140,155,2.4,160,173,9:39,6:45,105,85,1.04,8.9,9.2,288,9:39,326,0.0,324,450,"7,692",-11,No,00:00:02.7,6,--,--,00:48:14,00:50:30,104,205
Treadmill Running,2025-06-29 22:26:12,FALSE,Treadmill Running,3.00,486,00:31:00,157,191,3.2,120,231,10:21,5:34,--,--,1.41,6.5,9.0,223,--,409,0.0,286,531,"3,534",-1,No,00:00:10.3,16,--,--,00:19:17,00:31:00,--,--
Treadmill Running,2025-06-29 22:16:15,FALSE,Treadmill Running,0.52,70,00:06:27.1,121,161,0.8,140,225,12:29,5:57,--,--,0.98,9.1,8.0,302,--,294,0.0,237,526,908,-1,No,00:06:27.1,1,--,--,00:06:19,00:06:27.1,--,--
Running,2025-06-28 09:11:57,FALSE,Walnut Creek Running,3.01,383,00:28:44,136,148,2.2,160,165,9:34,9:01,56,52,1.06,8.8,9.3,288,9:33,329,0.0,327,366,"4,580",-7,No,00:00:03.3,4,--,--,00:28:43,00:28:44,128,183
Running,2025-06-27 07:08:51,FALSE,Walnut Creek Running,17.01,"1,969",02:22:14,130,163,3.7,162,179,8:22,5:21,361,354,1.18,8.2,9.7,273,8:22,380,0.0,373,600,"23,066",-35,No,00:00:02.6,18,--,--,02:22:04,02:28:44,87,220
Running,2025-06-26 08:23:46,FALSE,Walnut Creek Running,7.01,885,01:01:15,145,159,3.0,162,169,8:45,6:51,125,112,1.13,8.4,9.5,276,8:44,358,0.0,356,486,"9,906",-16,No,00:00:03.0,8,--,--,01:01:09,01:03:09,101,202
Running,2025-06-25 10:05:31,FALSE,Walnut Creek Running,7.01,879,00:58:12,150,163,3.2,162,171,8:18,6:28,125,118,1.19,8.2,9.7,272,8:20,376,0.0,375,525,"9,420",-14,No,00:00:03.3,8,--,--,00:58:09,01:00:30,109,213
Running,2025-06-24 19:53:51,FALSE,Walnut Creek Running,5.01,624,00:50:38,128,147,2.3,157,165,10:06,7:58,102,82,1.01,9.1,9.2,295,10:05,313,0.0,311,406,"7,946",-6,No,00:00:07.2,6,--,--,00:50:37,00:53:16,94,198
Running,2025-06-24 09:19:47,FALSE,Walnut Creek Running,3.01,320,00:18:22,160,182,3.1,174,181,6:06,5:24,59,59,1.50,6.6,9.9,223,6:07,508,0.0,503,587,"3,192",-4,No,00:00:02.3,4,--,--,00:18:20,00:18:22,128,188
Treadmill Running,2025-06-23 08:47:53,FALSE,Treadmill Running,0.99,201,00:31:47,102,116,0.4,96,150,32:10,18:25,--,--,0.67,8.6,5.5,432,--,85,0.0,78,175,"3,156",-1,No,00:31:47,1,--,--,00:26:15,00:31:47,--,--
Running,2025-06-22 08:29:22,FALSE,Walnut Creek - Base,10.01,"1,236",01:22:36,151,169,3.5,163,170,8:15,5:38,167,157,1.19,8.1,9.6,269,8:16,377,0.0,376,563,"13,462",-19,No,00:00:32.5,11,--,--,01:22:19,01:25:20,96,205
Running,2025-06-21 08:03:05,FALSE,Walnut Creek - Sprint,7.01,852,00:59:07,144,158,3.1,161,212,8:26,3:49,128,135,1.17,8.3,9.6,277,8:29,372,0.0,366,794,"9,440",-15,No,00:00:10,24,--,--,00:59:05,00:59:19,125,186
Running,2025-06-20 07:18:24,FALSE,Walnut Creek Running,7.00,857,01:04:30,130,145,2.7,158,221,9:12,7:16,128,128,1.10,8.7,9.6,288,9:16,341,0.0,339,455,"10,196",-17,No,00:00:01.9,8,--,--,01:04:24,01:06:42,99,211
Running,2025-06-16 08:39:23,FALSE,Walnut Creek Running,5.01,590,00:36:58,150,166,3.3,165,183,7:23,6:07,69,72,1.31,7.7,9.9,259,7:27,432,0.0,420,569,"6,088",-9,No,00:00:01.7,6,--,--,00:36:55,00:36:58,156,178
Running,2025-06-14 07:02:53,FALSE,Walnut Creek Running,15.01,"1,838",01:57:52,155,177,4.3,164,176,7:51,6:21,197,203,1.25,7.9,9.8,264,7:52,401,0.0,396,570,"19,320",-28,No,00:00:02.4,16,--,--,01:57:47,02:00:00,99,206
Running,2025-06-13 09:17:40,FALSE,Walnut Creek Running,5.00,644,00:44:28,146,168,2.8,160,169,8:53,5:47,128,128,1.13,8.5,9.6,281,8:53,352,0.0,350,540,"7,108",-11,No,00:00:02.1,6,--,--,00:44:24,00:45:28,81,188